,
,
21623,cache-references
5574,cache-misses
1936168,cycles
638211,instructions
136436,branches
167,faults
0,migrations
1,context-switches
,
,
15214,cache-references
4048,cache-misses
1650808,cycles
637033,instructions
136241,branches
167,faults
0,migrations
1,context-switches
,
,
18895,cache-references
4714,cache-misses
1839403,cycles
659628,instructions
141365,branches
168,faults
0,migrations
2,context-switches
,
,
14874,cache-references
4080,cache-misses
1583639,cycles
635158,instructions
135829,branches
167,faults
0,migrations
1,context-switches
,
,
17319,cache-references
4081,cache-misses
1687397,cycles
631164,instructions
135016,branches
167,faults
0,migrations
1,context-switches
,
,
17052,cache-references
4062,cache-misses
1632484,cycles
623436,instructions
138643,branches
168,faults
0,migrations
1,context-switches
,
,
17028,cache-references
6021,cache-misses
1808970,cycles
615455,instructions
136565,branches
168,faults
0,migrations
1,context-switches
,
,
14817,cache-references
5364,cache-misses
1576997,cycles
602308,instructions
133719,branches
168,faults
0,migrations
1,context-switches
,
,
16475,cache-references
4254,cache-misses
1658430,cycles
621618,instructions
137950,branches
168,faults
0,migrations
1,context-switches
,
,
17555,cache-references
5125,cache-misses
1728045,cycles
597614,instructions
132494,branches
168,faults
0,migrations
1,context-switches
,
,
17055,cache-references
3711,cache-misses
1672614,cycles
621962,instructions
138095,branches
168,faults
0,migrations
1,context-switches
,
,
16106,cache-references
3958,cache-misses
1725682,cycles
638633,instructions
136515,branches
168,faults
0,migrations
1,context-switches
,
,
15077,cache-references
4076,cache-misses
1632217,cycles
622477,instructions
132961,branches
168,faults
0,migrations
1,context-switches
,
,
14931,cache-references
3406,cache-misses
1627896,cycles
634393,instructions
135676,branches
167,faults
0,migrations
1,context-switches
,
,
15012,cache-references
4073,cache-misses
1678677,cycles
611909,instructions
135950,branches
168,faults
0,migrations
1,context-switches
,
,
16896,cache-references
4275,cache-misses
1692151,cycles
611110,instructions
135791,branches
168,faults
0,migrations
1,context-switches
,
,
27132,cache-references
8308,cache-misses
2484862,cycles
620937,instructions
138036,branches
168,faults
0,migrations
1,context-switches
,
,
17467,cache-references
6021,cache-misses
1839623,cycles
613787,instructions
136226,branches
168,faults
0,migrations
1,context-switches
,
,
15589,cache-references
3863,cache-misses
1598681,cycles
602375,instructions
133736,branches
167,faults
0,migrations
1,context-switches
,
,
25185,cache-references
6734,cache-misses
2600300,cycles
614174,instructions
136354,branches
168,faults
0,migrations
1,context-switches
,
,
16422,cache-references
5984,cache-misses
2076066,cycles
605773,instructions
134511,branches
168,faults
0,migrations
1,context-switches
,
,
15434,cache-references
5287,cache-misses
1771439,cycles
608470,instructions
135328,branches
168,faults
0,migrations
1,context-switches
,
,
17422,cache-references
6767,cache-misses
2268062,cycles
612450,instructions
136186,branches
167,faults
0,migrations
1,context-switches
,
,
15553,cache-references
3784,cache-misses
1654504,cycles
605162,instructions
134520,branches
167,faults
0,migrations
1,context-switches
,
,
28878,cache-references
9235,cache-misses
3040376,cycles
617123,instructions
137090,branches
168,faults
0,migrations
1,context-switches
,
,
25848,cache-references
5937,cache-misses
2795773,cycles
633754,instructions
140892,branches
168,faults
0,migrations
1,context-switches
,
,
21169,cache-references
7187,cache-misses
2351325,cycles
612931,instructions
136323,branches
168,faults
0,migrations
1,context-switches
,
,
17019,cache-references
5461,cache-misses
1918409,cycles
599345,instructions
132847,branches
168,faults
0,migrations
1,context-switches
,
,
18875,cache-references
6469,cache-misses
2117399,cycles
602096,instructions
133633,branches
168,faults
0,migrations
2,context-switches
,
,
22973,cache-references
7992,cache-misses
2383843,cycles
612971,instructions
135949,branches
168,faults
0,migrations
1,context-switches
,
,
23760,cache-references
7993,cache-misses
2421335,cycles
623389,instructions
138636,branches
168,faults
0,migrations
3,context-switches
,
,
16210,cache-references
3966,cache-misses
1722682,cycles
609855,instructions
135330,branches
168,faults
0,migrations
1,context-switches
,
,
25512,cache-references
7921,cache-misses
2867804,cycles
609895,instructions
135470,branches
168,faults
0,migrations
1,context-switches
,
,
15063,cache-references
3685,cache-misses
1703314,cycles
603752,instructions
133915,branches
168,faults
0,migrations
1,context-switches
,
,
22215,cache-references
7896,cache-misses
2368151,cycles
618686,instructions
137528,branches
168,faults
0,migrations
2,context-switches
,
,
31344,cache-references
11660,cache-misses
3151958,cycles
628605,instructions
139630,branches
167,faults
0,migrations
4,context-switches
,
,
16204,cache-references
5209,cache-misses
1857234,cycles
609619,instructions
135406,branches
168,faults
0,migrations
1,context-switches
,
,
16313,cache-references
4218,cache-misses
1729492,cycles
615879,instructions
136719,branches
167,faults
0,migrations
1,context-switches
,
,
27293,cache-references
8597,cache-misses
2949705,cycles
629772,instructions
140010,branches
168,faults
0,migrations
1,context-switches
,
,
16350,cache-references
5119,cache-misses
1817160,cycles
604091,instructions
134170,branches
168,faults
0,migrations
1,context-switches
,
,
16462,cache-references
5846,cache-misses
1878047,cycles
602774,instructions
133834,branches
167,faults
0,migrations
1,context-switches
,
,
15335,cache-references
3964,cache-misses
1692309,cycles
613490,instructions
136160,branches
168,faults
0,migrations
1,context-switches
,
,
17408,cache-references
6397,cache-misses
1985395,cycles
626790,instructions
139210,branches
168,faults
0,migrations
1,context-switches
,
,
16080,cache-references
4241,cache-misses
1711906,cycles
613413,instructions
136148,branches
168,faults
0,migrations
1,context-switches
,
,
21660,cache-references
7323,cache-misses
2203050,cycles
615591,instructions
136510,branches
168,faults
0,migrations
1,context-switches
,
,
15430,cache-references
3295,cache-misses
1650803,cycles
610280,instructions
135719,branches
168,faults
0,migrations
1,context-switches
,
,
14998,cache-references
3702,cache-misses
1618696,cycles
605230,instructions
134544,branches
167,faults
0,migrations
1,context-switches
,
,
15588,cache-references
3822,cache-misses
1615060,cycles
607842,instructions
135035,branches
168,faults
0,migrations
1,context-switches
,
,
15832,cache-references
3969,cache-misses
1673011,cycles
605855,instructions
134714,branches
167,faults
0,migrations
1,context-switches
,
,
15694,cache-references
5650,cache-misses
1738546,cycles
618611,instructions
137334,branches
168,faults
0,migrations
1,context-switches
,
,
16039,cache-references
4241,cache-misses
1742728,cycles
604268,instructions
134176,branches
168,faults
0,migrations
1,context-switches
,
,
22837,cache-references
8182,cache-misses
2510139,cycles
612629,instructions
136028,branches
168,faults
0,migrations
4,context-switches
,
,
21933,cache-references
9205,cache-misses
2775691,cycles
633649,instructions
140972,branches
168,faults
0,migrations
1,context-switches
,
,
15727,cache-references
4205,cache-misses
1742528,cycles
607169,instructions
134822,branches
167,faults
0,migrations
1,context-switches
,
,
15660,cache-references
5087,cache-misses
1773860,cycles
609634,instructions
135297,branches
168,faults
0,migrations
1,context-switches
,
,
26243,cache-references
8447,cache-misses
2610317,cycles
606920,instructions
134640,branches
168,faults
0,migrations
3,context-switches
,
,
15362,cache-references
3945,cache-misses
1623019,cycles
610734,instructions
135645,branches
168,faults
0,migrations
1,context-switches
,
,
18872,cache-references
5435,cache-misses
1923342,cycles
610894,instructions
135828,branches
167,faults
0,migrations
1,context-switches
,
,
21550,cache-references
6587,cache-misses
2096813,cycles
620534,instructions
137933,branches
168,faults
0,migrations
1,context-switches
,
,
16055,cache-references
4107,cache-misses
1761465,cycles
600840,instructions
133169,branches
168,faults
0,migrations
1,context-switches
,
,
16346,cache-references
4596,cache-misses
1797375,cycles
606919,instructions
134820,branches
168,faults
0,migrations
1,context-switches
,
,
16182,cache-references
3777,cache-misses
1621600,cycles
618832,instructions
137382,branches
168,faults
0,migrations
1,context-switches
,
,
15377,cache-references
4339,cache-misses
1610433,cycles
611875,instructions
136055,branches
168,faults
0,migrations
1,context-switches
,
,
19335,cache-references
4872,cache-misses
1894720,cycles
621653,instructions
138155,branches
168,faults
0,migrations
2,context-switches
,
,
17636,cache-references
5000,cache-misses
1880467,cycles
612161,instructions
136164,branches
167,faults
0,migrations
3,context-switches
,
,
16295,cache-references
4105,cache-misses
1628860,cycles
616827,instructions
137220,branches
168,faults
0,migrations
2,context-switches
,
,
16782,cache-references
5038,cache-misses
1665011,cycles
614834,instructions
136495,branches
168,faults
0,migrations
1,context-switches
,
,
17691,cache-references
5020,cache-misses
1723999,cycles
620337,instructions
137777,branches
168,faults
0,migrations
2,context-switches
,
,
15679,cache-references
4378,cache-misses
1679381,cycles
605810,instructions
134413,branches
168,faults
0,migrations
1,context-switches
,
,
15485,cache-references
4459,cache-misses
1697034,cycles
612306,instructions
135874,branches
168,faults
0,migrations
1,context-switches
,
,
17217,cache-references
5542,cache-misses
1884560,cycles
623303,instructions
138478,branches
168,faults
0,migrations
3,context-switches
,
,
16234,cache-references
3801,cache-misses
1664458,cycles
594573,instructions
131999,branches
167,faults
0,migrations
1,context-switches
,
,
18273,cache-references
7017,cache-misses
1986115,cycles
616656,instructions
137125,branches
167,faults
0,migrations
1,context-switches
,
,
16915,cache-references
4632,cache-misses
1649430,cycles
606365,instructions
134531,branches
168,faults
0,migrations
1,context-switches
,
,
19131,cache-references
5549,cache-misses
1848024,cycles
619583,instructions
137708,branches
167,faults
0,migrations
3,context-switches
,
,
19505,cache-references
4818,cache-misses
1875208,cycles
616590,instructions
137067,branches
168,faults
0,migrations
3,context-switches
,
,
18265,cache-references
4999,cache-misses
1794378,cycles
620622,instructions
137978,branches
168,faults
0,migrations
1,context-switches
,
,
15702,cache-references
4392,cache-misses
1667784,cycles
608782,instructions
134955,branches
168,faults
0,migrations
1,context-switches
,
,
18743,cache-references
6160,cache-misses
1880321,cycles
620205,instructions
137822,branches
168,faults
0,migrations
2,context-switches
,
,
17982,cache-references
6326,cache-misses
1839498,cycles
611804,instructions
135789,branches
168,faults
0,migrations
1,context-switches
,
,
16871,cache-references
6628,cache-misses
1831526,cycles
602089,instructions
133807,branches
168,faults
0,migrations
1,context-switches
,
,
19008,cache-references
6542,cache-misses
1936711,cycles
622154,instructions
138324,branches
168,faults
0,migrations
1,context-switches
,
,
15807,cache-references
3898,cache-misses
1711866,cycles
603311,instructions
133595,branches
168,faults
0,migrations
1,context-switches
,
,
15850,cache-references
5139,cache-misses
1766567,cycles
604238,instructions
134159,branches
168,faults
0,migrations
1,context-switches
,
,
15403,cache-references
4076,cache-misses
1603517,cycles
610627,instructions
135546,branches
168,faults
0,migrations
1,context-switches
,
,
19054,cache-references
4700,cache-misses
1871965,cycles
612245,instructions
136046,branches
168,faults
0,migrations
3,context-switches
,
,
18347,cache-references
5659,cache-misses
1857900,cycles
615698,instructions
136836,branches
167,faults
0,migrations
2,context-switches
,
,
16428,cache-references
4861,cache-misses
1698569,cycles
606537,instructions
134743,branches
168,faults
0,migrations
1,context-switches
,
,
15689,cache-references
4463,cache-misses
1613469,cycles
612914,instructions
136102,branches
167,faults
0,migrations
1,context-switches
,
,
17003,cache-references
4357,cache-misses
1635637,cycles
612490,instructions
135955,branches
168,faults
0,migrations
1,context-switches
,
,
16057,cache-references
4447,cache-misses
1707095,cycles
610875,instructions
135534,branches
167,faults
0,migrations
1,context-switches
,
,
15771,cache-references
5190,cache-misses
1798883,cycles
613298,instructions
136248,branches
168,faults
0,migrations
1,context-switches
,
,
15517,cache-references
4378,cache-misses
1632321,cycles
609166,instructions
135167,branches
168,faults
0,migrations
1,context-switches
,
,
20624,cache-references
5003,cache-misses
2027913,cycles
616592,instructions
137117,branches
167,faults
0,migrations
3,context-switches
,
,
18940,cache-references
5423,cache-misses
1938546,cycles
623868,instructions
138781,branches
168,faults
0,migrations
3,context-switches
,
,
16015,cache-references
4844,cache-misses
1663063,cycles
608882,instructions
135254,branches
167,faults
0,migrations
1,context-switches
,
,
18770,cache-references
5407,cache-misses
1787712,cycles
611605,instructions
135779,branches
168,faults
0,migrations
1,context-switches
,
,
16786,cache-references
4653,cache-misses
1716227,cycles
611655,instructions
135845,branches
168,faults
0,migrations
1,context-switches
,
,
19317,cache-references
4946,cache-misses
1914956,cycles
616102,instructions
136743,branches
168,faults
0,migrations
1,context-switches
,
,
17132,cache-references
6514,cache-misses
1883410,cycles
602428,instructions
133747,branches
167,faults
0,migrations
1,context-switches
,
,
20170,cache-references
7118,cache-misses
2108857,cycles
605755,instructions
134549,branches
167,faults
0,migrations
2,context-switches
,
,
15612,cache-references
5822,cache-misses
1679654,cycles
609231,instructions
135188,branches
168,faults
0,migrations
1,context-switches
,
,
20345,cache-references
4340,cache-misses
1917237,cycles
615841,instructions
136735,branches
168,faults
0,migrations
5,context-switches
,
,
18369,cache-references
4548,cache-misses
1738965,cycles
632534,instructions
140593,branches
168,faults
0,migrations
1,context-switches
,
,
16822,cache-references
4589,cache-misses
1746452,cycles
612849,instructions
136163,branches
168,faults
0,migrations
1,context-switches
,
,
15571,cache-references
4472,cache-misses
1841551,cycles
610683,instructions
135885,branches
167,faults
0,migrations
1,context-switches
,
,
17005,cache-references
5835,cache-misses
1936487,cycles
634073,instructions
140747,branches
168,faults
0,migrations
1,context-switches
,
,
15403,cache-references
4457,cache-misses
1614778,cycles
605843,instructions
134571,branches
168,faults
0,migrations
1,context-switches
,
,
15661,cache-references
4444,cache-misses
1626128,cycles
614813,instructions
136566,branches
167,faults
0,migrations
1,context-switches
,
,
18442,cache-references
5242,cache-misses
1851027,cycles
613033,instructions
136214,branches
168,faults
0,migrations
2,context-switches
,
,
15559,cache-references
4865,cache-misses
1731057,cycles
611012,instructions
135729,branches
168,faults
0,migrations
1,context-switches
,
,
19249,cache-references
6172,cache-misses
1950597,cycles
617626,instructions
137511,branches
167,faults
0,migrations
3,context-switches
,
,
17529,cache-references
4640,cache-misses
1767912,cycles
627459,instructions
139342,branches
168,faults
0,migrations
1,context-switches
,
,
15752,cache-references
6010,cache-misses
1704835,cycles
610607,instructions
135628,branches
167,faults
0,migrations
1,context-switches
,
,
17573,cache-references
5546,cache-misses
1810127,cycles
601941,instructions
133776,branches
167,faults
0,migrations
1,context-switches
,
,
15518,cache-references
4243,cache-misses
1624532,cycles
614523,instructions
136368,branches
168,faults
0,migrations
1,context-switches
,
,
17697,cache-references
5233,cache-misses
1819608,cycles
624953,instructions
138979,branches
168,faults
0,migrations
1,context-switches
,
,
18118,cache-references
6684,cache-misses
1877750,cycles
630012,instructions
140137,branches
168,faults
0,migrations
1,context-switches
,
,
18629,cache-references
4837,cache-misses
1787545,cycles
622699,instructions
138313,branches
168,faults
0,migrations
2,context-switches
,
,
15607,cache-references
5190,cache-misses
1760447,cycles
601922,instructions
133811,branches
167,faults
0,migrations
1,context-switches
,
,
15667,cache-references
4808,cache-misses
1710674,cycles
610962,instructions
135540,branches
168,faults
0,migrations
1,context-switches
,
,
20289,cache-references
6807,cache-misses
2052686,cycles
604219,instructions
134456,branches
167,faults
0,migrations
1,context-switches
,
,
18254,cache-references
8007,cache-misses
2082235,cycles
609567,instructions
135258,branches
168,faults
0,migrations
3,context-switches
,
,
15271,cache-references
3554,cache-misses
1582811,cycles
607469,instructions
134917,branches
167,faults
0,migrations
1,context-switches
,
,
15742,cache-references
4764,cache-misses
1682495,cycles
609678,instructions
135293,branches
168,faults
0,migrations
1,context-switches
,
,
17934,cache-references
4259,cache-misses
1936355,cycles
621327,instructions
137823,branches
168,faults
0,migrations
2,context-switches
,
,
17817,cache-references
6305,cache-misses
1893094,cycles
603250,instructions
133797,branches
168,faults
0,migrations
2,context-switches
,
,
15447,cache-references
4041,cache-misses
1604133,cycles
609542,instructions
135219,branches
168,faults
0,migrations
1,context-switches
,
,
15574,cache-references
4866,cache-misses
1688637,cycles
612081,instructions
136079,branches
168,faults
0,migrations
1,context-switches
,
,
16209,cache-references
4516,cache-misses
1665585,cycles
604760,instructions
134428,branches
168,faults
0,migrations
1,context-switches
,
,
17530,cache-references
4405,cache-misses
2242900,cycles
608776,instructions
135499,branches
168,faults
0,migrations
1,context-switches
,
,
22376,cache-references
7308,cache-misses
2163004,cycles
624860,instructions
138988,branches
168,faults
0,migrations
1,context-switches
,
,
15156,cache-references
4659,cache-misses
1699235,cycles
597471,instructions
132540,branches
168,faults
0,migrations
1,context-switches
,
,
15415,cache-references
4246,cache-misses
1684921,cycles
614728,instructions
136522,branches
168,faults
0,migrations
1,context-switches
,
,
15113,cache-references
4012,cache-misses
1597644,cycles
609049,instructions
135439,branches
167,faults
0,migrations
1,context-switches
,
,
18968,cache-references
4823,cache-misses
1842881,cycles
612970,instructions
136229,branches
168,faults
0,migrations
3,context-switches
,
,
16226,cache-references
4500,cache-misses
1603930,cycles
616245,instructions
136638,branches
168,faults
0,migrations
1,context-switches
,
,
15896,cache-references
4185,cache-misses
1590794,cycles
606368,instructions
134704,branches
167,faults
0,migrations
1,context-switches
,
,
18794,cache-references
4860,cache-misses
1724701,cycles
612748,instructions
136152,branches
167,faults
0,migrations
1,context-switches
,
,
16171,cache-references
4467,cache-misses
1692075,cycles
599009,instructions
132760,branches
168,faults
0,migrations
1,context-switches
,
,
17941,cache-references
4828,cache-misses
1805910,cycles
601062,instructions
133283,branches
168,faults
0,migrations
1,context-switches
,
,
15642,cache-references
5014,cache-misses
1667016,cycles
609842,instructions
135331,branches
168,faults
0,migrations
1,context-switches
,
,
16072,cache-references
4446,cache-misses
1707369,cycles
612481,instructions
136073,branches
168,faults
0,migrations
2,context-switches
,
,
22081,cache-references
6590,cache-misses
2278549,cycles
607935,instructions
135023,branches
168,faults
0,migrations
1,context-switches
,
,
25575,cache-references
7543,cache-misses
2563346,cycles
609883,instructions
135332,branches
168,faults
0,migrations
1,context-switches
,
,
15578,cache-references
4707,cache-misses
1619984,cycles
611270,instructions
135794,branches
168,faults
0,migrations
1,context-switches
,
,
19923,cache-references
5676,cache-misses
1931053,cycles
621721,instructions
138001,branches
168,faults
0,migrations
1,context-switches
,
,
17999,cache-references
5625,cache-misses
1819762,cycles
625208,instructions
139144,branches
168,faults
0,migrations
1,context-switches
,
,
16761,cache-references
3892,cache-misses
1642430,cycles
597240,instructions
132497,branches
168,faults
0,migrations
1,context-switches
,
,
16746,cache-references
6397,cache-misses
1779384,cycles
622557,instructions
138340,branches
168,faults
0,migrations
1,context-switches
,
,
16553,cache-references
5001,cache-misses
1710349,cycles
607258,instructions
134723,branches
168,faults
0,migrations
1,context-switches
,
,
16971,cache-references
6892,cache-misses
1882290,cycles
626605,instructions
139378,branches
167,faults
0,migrations
1,context-switches
,
,
16230,cache-references
4613,cache-misses
1682160,cycles
609580,instructions
135561,branches
168,faults
0,migrations
1,context-switches
,
,
16652,cache-references
6350,cache-misses
1814222,cycles
604462,instructions
134234,branches
167,faults
0,migrations
1,context-switches
,
,
15526,cache-references
4010,cache-misses
1604428,cycles
615855,instructions
136782,branches
168,faults
0,migrations
1,context-switches
,
,
15752,cache-references
4712,cache-misses
1651790,cycles
603801,instructions
134101,branches
168,faults
0,migrations
1,context-switches
,
,
18892,cache-references
5447,cache-misses
1922290,cycles
618975,instructions
137914,branches
168,faults
0,migrations
3,context-switches
,
,
16979,cache-references
4501,cache-misses
1724907,cycles
613482,instructions
136324,branches
168,faults
0,migrations
2,context-switches
,
,
15311,cache-references
4309,cache-misses
1619091,cycles
611401,instructions
135942,branches
168,faults
0,migrations
1,context-switches
,
,
15606,cache-references
5779,cache-misses
1711874,cycles
609953,instructions
135601,branches
167,faults
0,migrations
1,context-switches
,
,
16951,cache-references
4359,cache-misses
1695412,cycles
603928,instructions
134217,branches
167,faults
0,migrations
1,context-switches
,
,
19865,cache-references
5272,cache-misses
1959101,cycles
629085,instructions
140087,branches
167,faults
0,migrations
2,context-switches
,
,
17184,cache-references
5568,cache-misses
1805778,cycles
626347,instructions
139414,branches
167,faults
0,migrations
1,context-switches
,
,
15362,cache-references
4318,cache-misses
1667652,cycles
605580,instructions
134875,branches
167,faults
0,migrations
1,context-switches
,
,
25828,cache-references
7897,cache-misses
2898752,cycles
613935,instructions
136364,branches
168,faults
0,migrations
3,context-switches
,
,
18965,cache-references
5390,cache-misses
1918290,cycles
616846,instructions
137118,branches
168,faults
0,migrations
3,context-switches
,
,
15326,cache-references
4726,cache-misses
1623114,cycles
611615,instructions
135717,branches
168,faults
0,migrations
1,context-switches
,
,
15689,cache-references
4597,cache-misses
1681284,cycles
613695,instructions
136100,branches
168,faults
0,migrations
1,context-switches
,
,
18684,cache-references
5065,cache-misses
1832638,cycles
615801,instructions
136886,branches
168,faults
0,migrations
3,context-switches
,
,
15350,cache-references
4223,cache-misses
1659978,cycles
603626,instructions
134298,branches
167,faults
0,migrations
1,context-switches
,
,
18318,cache-references
4374,cache-misses
1941057,cycles
616537,instructions
137073,branches
167,faults
0,migrations
4,context-switches
,
,
15449,cache-references
4281,cache-misses
1662495,cycles
609886,instructions
135593,branches
167,faults
0,migrations
1,context-switches
,
,
20769,cache-references
7107,cache-misses
2071899,cycles
624064,instructions
138654,branches
168,faults
0,migrations
1,context-switches
,
,
15592,cache-references
4068,cache-misses
1655293,cycles
603874,instructions
134207,branches
167,faults
0,migrations
1,context-switches
,
,
15745,cache-references
4004,cache-misses
1674661,cycles
605978,instructions
134566,branches
168,faults
0,migrations
1,context-switches
,
,
16258,cache-references
3824,cache-misses
1647595,cycles
605984,instructions
134695,branches
167,faults
0,migrations
1,context-switches
,
,
15775,cache-references
4489,cache-misses
1655608,cycles
602999,instructions
133913,branches
168,faults
0,migrations
1,context-switches
,
,
15779,cache-references
4770,cache-misses
1618996,cycles
613081,instructions
136262,branches
167,faults
0,migrations
1,context-switches
,
,
15670,cache-references
4663,cache-misses
1615886,cycles
608612,instructions
135170,branches
168,faults
0,migrations
1,context-switches
,
,
19376,cache-references
4845,cache-misses
1804363,cycles
612361,instructions
135791,branches
168,faults
0,migrations
1,context-switches
,
,
17096,cache-references
5943,cache-misses
1755235,cycles
608165,instructions
135082,branches
168,faults
0,migrations
1,context-switches
,
,
15247,cache-references
4262,cache-misses
1669711,cycles
611744,instructions
135769,branches
168,faults
0,migrations
1,context-switches
,
,
17643,cache-references
5378,cache-misses
1849587,cycles
622796,instructions
138161,branches
168,faults
0,migrations
1,context-switches
,
,
15459,cache-references
4202,cache-misses
1639624,cycles
606595,instructions
134708,branches
168,faults
0,migrations
1,context-switches
,
,
16067,cache-references
4443,cache-misses
1645939,cycles
613311,instructions
135976,branches
168,faults
0,migrations
1,context-switches
,
,
24352,cache-references
7365,cache-misses
2530687,cycles
615497,instructions
136678,branches
168,faults
0,migrations
1,context-switches
,
,
15045,cache-references
3540,cache-misses
1632242,cycles
605788,instructions
134651,branches
167,faults
0,migrations
1,context-switches
,
,
18531,cache-references
3911,cache-misses
1760348,cycles
618888,instructions
137703,branches
168,faults
0,migrations
3,context-switches
,
,
15392,cache-references
4392,cache-misses
1614374,cycles
603971,instructions
134149,branches
168,faults
0,migrations
1,context-switches
,
,
16215,cache-references
4354,cache-misses
1680145,cycles
604472,instructions
134221,branches
167,faults
0,migrations
1,context-switches
,
,
15745,cache-references
3796,cache-misses
1635039,cycles
610908,instructions
135865,branches
168,faults
0,migrations
1,context-switches
,
,
16231,cache-references
5081,cache-misses
1753612,cycles
608762,instructions
135256,branches
167,faults
0,migrations
1,context-switches
,
,
15772,cache-references
4298,cache-misses
1673907,cycles
613866,instructions
136084,branches
168,faults
0,migrations
1,context-switches
,
,
17718,cache-references
6297,cache-misses
1934451,cycles
615042,instructions
136410,branches
168,faults
0,migrations
1,context-switches
,
,
19114,cache-references
4958,cache-misses
1886783,cycles
615388,instructions
136786,branches
167,faults
0,migrations
3,context-switches
,
,
19939,cache-references
5539,cache-misses
1952756,cycles
620857,instructions
138079,branches
167,faults
0,migrations
3,context-switches
,
,
15728,cache-references
4308,cache-misses
1589550,cycles
594019,instructions
131919,branches
167,faults
0,migrations
1,context-switches
,
,
17348,cache-references
4839,cache-misses
1732395,cycles
626488,instructions
139321,branches
167,faults
0,migrations
1,context-switches
,
,
17720,cache-references
4914,cache-misses
1719573,cycles
625223,instructions
138727,branches
168,faults
0,migrations
1,context-switches
,
,
19089,cache-references
5128,cache-misses
1797157,cycles
622315,instructions
138476,branches
167,faults
0,migrations
1,context-switches
,
,
16605,cache-references
4352,cache-misses
1635716,cycles
615605,instructions
136618,branches
168,faults
0,migrations
1,context-switches
,
,
16645,cache-references
5458,cache-misses
1708297,cycles
607717,instructions
134975,branches
167,faults
0,migrations
1,context-switches
,
,
19245,cache-references
4964,cache-misses
1844888,cycles
619903,instructions
137837,branches
168,faults
0,migrations
1,context-switches
,
,
17196,cache-references
6268,cache-misses
1840395,cycles
611892,instructions
135987,branches
167,faults
0,migrations
1,context-switches
,
,
18912,cache-references
7473,cache-misses
2090436,cycles
615817,instructions
136766,branches
167,faults
0,migrations
1,context-switches
,
,
15658,cache-references
3973,cache-misses
1638692,cycles
607677,instructions
134849,branches
168,faults
0,migrations
1,context-switches
,
,
18186,cache-references
4270,cache-misses
1701313,cycles
611144,instructions
135794,branches
167,faults
0,migrations
1,context-switches
,
,
19271,cache-references
5088,cache-misses
1741685,cycles
616458,instructions
137117,branches
167,faults
0,migrations
1,context-switches
,
,
16181,cache-references
5410,cache-misses
1704583,cycles
598817,instructions
133204,branches
167,faults
0,migrations
1,context-switches
,
,
19062,cache-references
5070,cache-misses
1912300,cycles
626594,instructions
139128,branches
168,faults
0,migrations
1,context-switches
,
,
17299,cache-references
4306,cache-misses
1746370,cycles
605984,instructions
134577,branches
168,faults
0,migrations
3,context-switches
,
,
18423,cache-references
4558,cache-misses
1793720,cycles
612115,instructions
135832,branches
168,faults
0,migrations
1,context-switches
,
,
15921,cache-references
4441,cache-misses
1583325,cycles
599790,instructions
132916,branches
167,faults
0,migrations
1,context-switches
,
,
18740,cache-references
4807,cache-misses
1751139,cycles
613007,instructions
136390,branches
167,faults
0,migrations
1,context-switches
,
,
16957,cache-references
4850,cache-misses
1643720,cycles
610805,instructions
135823,branches
167,faults
0,migrations
1,context-switches
,
,
17131,cache-references
6597,cache-misses
1712475,cycles
607014,instructions
135113,branches
167,faults
0,migrations
1,context-switches
,
,
15958,cache-references
4391,cache-misses
1622872,cycles
611753,instructions
135905,branches
168,faults
0,migrations
1,context-switches
,
,
15963,cache-references
4061,cache-misses
1618504,cycles
614654,instructions
136417,branches
168,faults
0,migrations
1,context-switches
,
,
17131,cache-references
5718,cache-misses
1786361,cycles
622455,instructions
138470,branches
168,faults
0,migrations
1,context-switches
,
,
16664,cache-references
4950,cache-misses
1785407,cycles
603002,instructions
134105,branches
167,faults
0,migrations
1,context-switches
,
,
19787,cache-references
6292,cache-misses
2091084,cycles
611991,instructions
136136,branches
167,faults
0,migrations
2,context-switches
,
,
21229,cache-references
6355,cache-misses
2151626,cycles
636921,instructions
141753,branches
167,faults
0,migrations
3,context-switches
,
,
15211,cache-references
3739,cache-misses
1607737,cycles
612616,instructions
136090,branches
168,faults
0,migrations
1,context-switches
,
,
15848,cache-references
4063,cache-misses
1624574,cycles
620586,instructions
137651,branches
168,faults
0,migrations
1,context-switches
,
,
18477,cache-references
5124,cache-misses
1807515,cycles
622138,instructions
138371,branches
167,faults
0,migrations
1,context-switches
,
,
19081,cache-references
5566,cache-misses
1841311,cycles
620059,instructions
137733,branches
168,faults
0,migrations
1,context-switches
,
,
17195,cache-references
4168,cache-misses
1745120,cycles
619681,instructions
137587,branches
168,faults
0,migrations
2,context-switches
,
,
15893,cache-references
5762,cache-misses
1874720,cycles
613892,instructions
136290,branches
168,faults
0,migrations
1,context-switches
,
,
15358,cache-references
4516,cache-misses
1669501,cycles
605282,instructions
134401,branches
167,faults
0,migrations
1,context-switches
,
,
15972,cache-references
4603,cache-misses
1647374,cycles
606568,instructions
134737,branches
168,faults
0,migrations
1,context-switches
,
,
21722,cache-references
5546,cache-misses
2021873,cycles
634620,instructions
141224,branches
168,faults
0,migrations
5,context-switches
,
,
17771,cache-references
6257,cache-misses
1774870,cycles
612782,instructions
136197,branches
167,faults
0,migrations
1,context-switches
,
,
16110,cache-references
4733,cache-misses
1675452,cycles
604132,instructions
134303,branches
167,faults
0,migrations
1,context-switches
,
,
16517,cache-references
4574,cache-misses
1702227,cycles
611392,instructions
135840,branches
168,faults
0,migrations
1,context-switches
,
,
16325,cache-references
4209,cache-misses
1633665,cycles
601166,instructions
133583,branches
167,faults
0,migrations
1,context-switches
,
,
17170,cache-references
4699,cache-misses
1735038,cycles
621215,instructions
137092,branches
168,faults
0,migrations
2,context-switches
,
,
18871,cache-references
5579,cache-misses
1909797,cycles
629686,instructions
140124,branches
168,faults
0,migrations
3,context-switches
,
,
17205,cache-references
5151,cache-misses
1721018,cycles
612309,instructions
135930,branches
168,faults
0,migrations
2,context-switches
,
,
19778,cache-references
5404,cache-misses
1860013,cycles
610062,instructions
135479,branches
167,faults
0,migrations
1,context-switches
,
,
18624,cache-references
5596,cache-misses
1968740,cycles
626831,instructions
139047,branches
168,faults
0,migrations
1,context-switches
,
,
16370,cache-references
4796,cache-misses
1689040,cycles
612772,instructions
136107,branches
168,faults
0,migrations
1,context-switches
,
,
19358,cache-references
6944,cache-misses
2058051,cycles
617970,instructions
137337,branches
168,faults
0,migrations
2,context-switches
,
,
15946,cache-references
3937,cache-misses
1586591,cycles
605760,instructions
134527,branches
168,faults
0,migrations
1,context-switches
,
,
16224,cache-references
3699,cache-misses
1570526,cycles
606250,instructions
135029,branches
167,faults
0,migrations
1,context-switches
,
,
16292,cache-references
4033,cache-misses
1662274,cycles
615456,instructions
136562,branches
168,faults
0,migrations
1,context-switches
,
,
16445,cache-references
4741,cache-misses
1704154,cycles
620648,instructions
137739,branches
168,faults
0,migrations
1,context-switches
,
,
16411,cache-references
4709,cache-misses
1647000,cycles
612159,instructions
135863,branches
168,faults
0,migrations
1,context-switches
,
,
19096,cache-references
4674,cache-misses
1882215,cycles
610733,instructions
135845,branches
167,faults
0,migrations
3,context-switches
,
,
16766,cache-references
5149,cache-misses
1712073,cycles
615124,instructions
136829,branches
168,faults
0,migrations
2,context-switches
,
,
16831,cache-references
4612,cache-misses
1654007,cycles
614827,instructions
136518,branches
168,faults
0,migrations
1,context-switches
,
,
21312,cache-references
8004,cache-misses
2109577,cycles
607514,instructions
135068,branches
167,faults
0,migrations
1,context-switches
,
,
19360,cache-references
5009,cache-misses
1861086,cycles
625727,instructions
139148,branches
167,faults
0,migrations
1,context-switches
,
,
17006,cache-references
4663,cache-misses
1764724,cycles
599136,instructions
133022,branches
167,faults
0,migrations
1,context-switches
,
,
18792,cache-references
4924,cache-misses
1780349,cycles
621566,instructions
138091,branches
168,faults
0,migrations
1,context-switches
,
,
17993,cache-references
4862,cache-misses
1720885,cycles
620853,instructions
138042,branches
168,faults
0,migrations
1,context-switches
,
,
15757,cache-references
4692,cache-misses
1609852,cycles
609090,instructions
135230,branches
168,faults
0,migrations
1,context-switches
,
,
17493,cache-references
5043,cache-misses
1720907,cycles
605038,instructions
134331,branches
168,faults
0,migrations
1,context-switches
,
,
16097,cache-references
4702,cache-misses
1628667,cycles
610402,instructions
135854,branches
168,faults
0,migrations
1,context-switches
,
,
19524,cache-references
7322,cache-misses
1899834,cycles
605637,instructions
134680,branches
167,faults
0,migrations
1,context-switches
,
,
16709,cache-references
5126,cache-misses
1714475,cycles
606335,instructions
134571,branches
168,faults
0,migrations
1,context-switches
,
,
18372,cache-references
4573,cache-misses
1707516,cycles
622201,instructions
138389,branches
168,faults
0,migrations
1,context-switches
,
,
16119,cache-references
3962,cache-misses
1669120,cycles
605382,instructions
134473,branches
168,faults
0,migrations
1,context-switches
,
,
17370,cache-references
5177,cache-misses
1749916,cycles
605152,instructions
134503,branches
167,faults
0,migrations
1,context-switches
,
,
18018,cache-references
5384,cache-misses
1845136,cycles
629967,instructions
140139,branches
168,faults
0,migrations
1,context-switches
,
,
15553,cache-references
4108,cache-misses
1604191,cycles
609783,instructions
135434,branches
168,faults
0,migrations
1,context-switches
,
,
16037,cache-references
4421,cache-misses
1670742,cycles
606166,instructions
134527,branches
168,faults
0,migrations
1,context-switches
,
,
16819,cache-references
4325,cache-misses
1687471,cycles
606857,instructions
134769,branches
168,faults
0,migrations
1,context-switches
,
,
19079,cache-references
4963,cache-misses
1793371,cycles
618786,instructions
137467,branches
168,faults
0,migrations
2,context-switches
,
,
16425,cache-references
4251,cache-misses
1670892,cycles
608086,instructions
134976,branches
168,faults
0,migrations
1,context-switches
,
,
17257,cache-references
4670,cache-misses
1663720,cycles
615573,instructions
136713,branches
168,faults
0,migrations
1,context-switches
,
,
16928,cache-references
5554,cache-misses
1734816,cycles
611005,instructions
135477,branches
168,faults
0,migrations
1,context-switches
,
,
15984,cache-references
4972,cache-misses
1612355,cycles
607420,instructions
135161,branches
167,faults
0,migrations
1,context-switches
,
,
16290,cache-references
4713,cache-misses
1656909,cycles
604164,instructions
134143,branches
168,faults
0,migrations
1,context-switches
,
,
15330,cache-references
4226,cache-misses
1656366,cycles
610708,instructions
135783,branches
167,faults
0,migrations
1,context-switches
,
,
15227,cache-references
4482,cache-misses
1632334,cycles
610150,instructions
135432,branches
168,faults
0,migrations
1,context-switches
,
,
19096,cache-references
5498,cache-misses
1844129,cycles
631230,instructions
140296,branches
168,faults
0,migrations
2,context-switches
,
,
23530,cache-references
6657,cache-misses
2491618,cycles
605908,instructions
134562,branches
168,faults
0,migrations
1,context-switches
,
,
25735,cache-references
6724,cache-misses
2543577,cycles
613579,instructions
136222,branches
167,faults
0,migrations
1,context-switches
,
,
17293,cache-references
4139,cache-misses
1780564,cycles
621922,instructions
138332,branches
167,faults
0,migrations
1,context-switches
,
,
15862,cache-references
4169,cache-misses
1696649,cycles
606798,instructions
134629,branches
168,faults
0,migrations
1,context-switches
,
,
17729,cache-references
4651,cache-misses
1735155,cycles
623175,instructions
138602,branches
168,faults
0,migrations
1,context-switches
,
,
17032,cache-references
4089,cache-misses
1715589,cycles
614448,instructions
136342,branches
168,faults
0,migrations
1,context-switches
,
,
16912,cache-references
4599,cache-misses
1690967,cycles
611409,instructions
135682,branches
168,faults
0,migrations
1,context-switches
,
,
15916,cache-references
4427,cache-misses
1626261,cycles
602576,instructions
133837,branches
167,faults
0,migrations
1,context-switches
,
,
15860,cache-references
4478,cache-misses
1638440,cycles
611190,instructions
135943,branches
168,faults
0,migrations
1,context-switches
,
,
15820,cache-references
4833,cache-misses
1688481,cycles
607096,instructions
134798,branches
168,faults
0,migrations
1,context-switches
,
,
15455,cache-references
4406,cache-misses
1624291,cycles
606667,instructions
134635,branches
168,faults
0,migrations
1,context-switches
,
,
15637,cache-references
4349,cache-misses
1616696,cycles
599321,instructions
132822,branches
167,faults
0,migrations
1,context-switches
,
,
19598,cache-references
5282,cache-misses
1938951,cycles
615878,instructions
136940,branches
168,faults
0,migrations
2,context-switches
,
,
16187,cache-references
5599,cache-misses
1676034,cycles
615094,instructions
136433,branches
168,faults
0,migrations
1,context-switches
,
,
15882,cache-references
5483,cache-misses
1720834,cycles
604531,instructions
134282,branches
167,faults
0,migrations
1,context-switches
,
,
16618,cache-references
4713,cache-misses
1659043,cycles
615054,instructions
136646,branches
168,faults
0,migrations
1,context-switches
,
,
16214,cache-references
4651,cache-misses
1695604,cycles
612251,instructions
135937,branches
168,faults
0,migrations
1,context-switches
,
,
23182,cache-references
7719,cache-misses
2460766,cycles
608999,instructions
135283,branches
168,faults
0,migrations
1,context-switches
,
,
16318,cache-references
4808,cache-misses
1765682,cycles
613741,instructions
136380,branches
167,faults
0,migrations
1,context-switches
,
,
15665,cache-references
4484,cache-misses
1674419,cycles
607950,instructions
135191,branches
167,faults
0,migrations
1,context-switches
,
,
15427,cache-references
4665,cache-misses
1725070,cycles
609537,instructions
135260,branches
168,faults
0,migrations
1,context-switches
,
,
16526,cache-references
5974,cache-misses
1862164,cycles
604665,instructions
134299,branches
168,faults
0,migrations
1,context-switches
,
,
28794,cache-references
10097,cache-misses
3082127,cycles
629640,instructions
140137,branches
168,faults
0,migrations
2,context-switches
,
,
18098,cache-references
5166,cache-misses
1844419,cycles
632055,instructions
140041,branches
167,faults
0,migrations
1,context-switches
,
,
15524,cache-references
4264,cache-misses
1713610,cycles
610840,instructions
135718,branches
168,faults
0,migrations
1,context-switches
,
,
15429,cache-references
6010,cache-misses
1877067,cycles
608171,instructions
132369,branches
167,faults
0,migrations
1,context-switches
,
,
15768,cache-references
4786,cache-misses
1778234,cycles
614572,instructions
136595,branches
168,faults
0,migrations
1,context-switches
,
,
16242,cache-references
3903,cache-misses
1720553,cycles
607187,instructions
135154,branches
168,faults
0,migrations
1,context-switches
,
,
15916,cache-references
3802,cache-misses
1667208,cycles
603742,instructions
134318,branches
167,faults
0,migrations
1,context-switches
,
,
15465,cache-references
4576,cache-misses
1658672,cycles
606696,instructions
134604,branches
168,faults
0,migrations
1,context-switches
,
,
15455,cache-references
4348,cache-misses
1701970,cycles
608834,instructions
135350,branches
167,faults
0,migrations
1,context-switches
,
,
16523,cache-references
5437,cache-misses
1802522,cycles
617975,instructions
137126,branches
168,faults
0,migrations
2,context-switches
,
,
18425,cache-references
6064,cache-misses
1939539,cycles
614563,instructions
136528,branches
168,faults
0,migrations
1,context-switches
,
,
15581,cache-references
3780,cache-misses
1635373,cycles
613353,instructions
135887,branches
168,faults
0,migrations
1,context-switches
,
,
18167,cache-references
4428,cache-misses
1713044,cycles
613858,instructions
136395,branches
168,faults
0,migrations
1,context-switches
,
,
18668,cache-references
6032,cache-misses
1938550,cycles
617630,instructions
137145,branches
168,faults
0,migrations
2,context-switches
,
,
18386,cache-references
5382,cache-misses
1989933,cycles
625439,instructions
138961,branches
167,faults
0,migrations
1,context-switches
,
,
15594,cache-references
4167,cache-misses
1759907,cycles
607215,instructions
134737,branches
168,faults
0,migrations
1,context-switches
,
,
16534,cache-references
4633,cache-misses
1871200,cycles
610784,instructions
135712,branches
168,faults
0,migrations
1,context-switches
,
,
32534,cache-references
7107,cache-misses
3027045,cycles
628203,instructions
139828,branches
167,faults
0,migrations
3,context-switches
,
,
27946,cache-references
6490,cache-misses
2719321,cycles
608268,instructions
135095,branches
167,faults
0,migrations
1,context-switches
,
,
15972,cache-references
4868,cache-misses
1753154,cycles
603175,instructions
134039,branches
167,faults
0,migrations
1,context-switches
,
,
15833,cache-references
5814,cache-misses
1821504,cycles
603701,instructions
134069,branches
168,faults
0,migrations
1,context-switches
,
,
20384,cache-references
5664,cache-misses
2094604,cycles
603047,instructions
134008,branches
167,faults
0,migrations
1,context-switches
,
,
15769,cache-references
4897,cache-misses
1792075,cycles
613600,instructions
136351,branches
168,faults
0,migrations
1,context-switches
,
,
18234,cache-references
5382,cache-misses
2021443,cycles
614503,instructions
136528,branches
168,faults
0,migrations
1,context-switches
,
,
20549,cache-references
6233,cache-misses
2172496,cycles
629451,instructions
140160,branches
167,faults
0,migrations
2,context-switches
,
,
16849,cache-references
4369,cache-misses
1834203,cycles
619274,instructions
137821,branches
167,faults
0,migrations
1,context-switches
,
,
16688,cache-references
6630,cache-misses
1972766,cycles
604601,instructions
134424,branches
167,faults
0,migrations
1,context-switches
,
,
16277,cache-references
5693,cache-misses
1846617,cycles
592547,instructions
131677,branches
167,faults
0,migrations
1,context-switches
,
,
16054,cache-references
4354,cache-misses
1672748,cycles
611226,instructions
135625,branches
168,faults
0,migrations
1,context-switches
,
,
19565,cache-references
4698,cache-misses
1984505,cycles
613418,instructions
136465,branches
167,faults
0,migrations
1,context-switches
,
,
15926,cache-references
4438,cache-misses
1667471,cycles
610525,instructions
135654,branches
168,faults
0,migrations
1,context-switches
,
,
16191,cache-references
4795,cache-misses
1708206,cycles
605820,instructions
134525,branches
168,faults
0,migrations
1,context-switches
,
,
15669,cache-references
6790,cache-misses
1915548,cycles
609615,instructions
135293,branches
168,faults
0,migrations
1,context-switches
,
,
17101,cache-references
4042,cache-misses
1777462,cycles
612402,instructions
135922,branches
168,faults
0,migrations
1,context-switches
,
,
16274,cache-references
3835,cache-misses
1639596,cycles
607019,instructions
134923,branches
167,faults
0,migrations
1,context-switches
,
,
19372,cache-references
4302,cache-misses
1900649,cycles
617735,instructions
137368,branches
168,faults
0,migrations
3,context-switches
,
,
20654,cache-references
5283,cache-misses
2100197,cycles
615560,instructions
137007,branches
167,faults
0,migrations
4,context-switches
,
,
24563,cache-references
5779,cache-misses
2400691,cycles
609029,instructions
135263,branches
168,faults
0,migrations
1,context-switches
,
,
17923,cache-references
4916,cache-misses
1836886,cycles
613822,instructions
136213,branches
167,faults
0,migrations
1,context-switches
,
,
15413,cache-references
3988,cache-misses
1660358,cycles
597141,instructions
132453,branches
167,faults
0,migrations
1,context-switches
,
,
15826,cache-references
4510,cache-misses
1692478,cycles
613931,instructions
136421,branches
168,faults
0,migrations
1,context-switches
,
,
15408,cache-references
4158,cache-misses
1633710,cycles
599690,instructions
133427,branches
167,faults
0,migrations
1,context-switches
,
,
20648,cache-references
5581,cache-misses
2008358,cycles
632249,instructions
140671,branches
168,faults
0,migrations
3,context-switches
,
,
18702,cache-references
4812,cache-misses
1853312,cycles
633421,instructions
140802,branches
168,faults
0,migrations
1,context-switches
,
,
20566,cache-references
7358,cache-misses
2215028,cycles
625528,instructions
138896,branches
168,faults
0,migrations
1,context-switches
,
,
15721,cache-references
3723,cache-misses
1616196,cycles
613242,instructions
136133,branches
168,faults
0,migrations
1,context-switches
,
,
19010,cache-references
5104,cache-misses
1893604,cycles
618720,instructions
137644,branches
167,faults
0,migrations
1,context-switches
,
,
22064,cache-references
7896,cache-misses
2865450,cycles
621723,instructions
138502,branches
167,faults
0,migrations
4,context-switches
,
,
15934,cache-references
4882,cache-misses
1790746,cycles
611051,instructions
135767,branches
168,faults
0,migrations
1,context-switches
,
,
25556,cache-references
5662,cache-misses
2791821,cycles
626783,instructions
139468,branches
168,faults
0,migrations
2,context-switches
,
,
15866,cache-references
4497,cache-misses
1751683,cycles
610361,instructions
135499,branches
168,faults
0,migrations
1,context-switches
,
,
15537,cache-references
5338,cache-misses
1777234,cycles
613382,instructions
136274,branches
168,faults
0,migrations
1,context-switches
,
,
17327,cache-references
4184,cache-misses
1766782,cycles
597968,instructions
132655,branches
168,faults
0,migrations
1,context-switches
,
,
15052,cache-references
3505,cache-misses
1681335,cycles
610455,instructions
135609,branches
168,faults
0,migrations
1,context-switches
,
,
24173,cache-references
8173,cache-misses
2508599,cycles
615577,instructions
136779,branches
168,faults
0,migrations
1,context-switches
,
,
16339,cache-references
4143,cache-misses
2197139,cycles
613482,instructions
136296,branches
168,faults
0,migrations
1,context-switches
,
,
24885,cache-references
9709,cache-misses
2959926,cycles
611051,instructions
135604,branches
168,faults
0,migrations
1,context-switches
,
,
19191,cache-references
5664,cache-misses
1968765,cycles
634974,instructions
141051,branches
168,faults
0,migrations
1,context-switches
,
,
21468,cache-references
8610,cache-misses
2692287,cycles
609327,instructions
135466,branches
167,faults
0,migrations
1,context-switches
,
,
16280,cache-references
5229,cache-misses
1818834,cycles
605672,instructions
134401,branches
168,faults
0,migrations
1,context-switches
,
,
17082,cache-references
5020,cache-misses
1864038,cycles
632093,instructions
140494,branches
167,faults
0,migrations
1,context-switches
,
,
18206,cache-references
4012,cache-misses
1790018,cycles
621553,instructions
138076,branches
168,faults
0,migrations
3,context-switches
,
,
18100,cache-references
6026,cache-misses
1877036,cycles
621576,instructions
138346,branches
167,faults
0,migrations
1,context-switches
,
,
18149,cache-references
4645,cache-misses
1766004,cycles
603007,instructions
133993,branches
167,faults
0,migrations
3,context-switches
,
,
16369,cache-references
4599,cache-misses
1715630,cycles
611709,instructions
136034,branches
168,faults
0,migrations
1,context-switches
,
,
15138,cache-references
3369,cache-misses
1560455,cycles
608245,instructions
135380,branches
167,faults
0,migrations
1,context-switches
,
,
16800,cache-references
4797,cache-misses
1808289,cycles
615958,instructions
136836,branches
167,faults
0,migrations
1,context-switches
,
,
15567,cache-references
4069,cache-misses
1684409,cycles
614111,instructions
136442,branches
168,faults
0,migrations
1,context-switches
,
,
19790,cache-references
4123,cache-misses
1847992,cycles
614626,instructions
136652,branches
168,faults
0,migrations
3,context-switches
,
,
19135,cache-references
4258,cache-misses
1801613,cycles
636407,instructions
141390,branches
168,faults
0,migrations
2,context-switches
,
,
17964,cache-references
5106,cache-misses
1718167,cycles
606159,instructions
134607,branches
168,faults
0,migrations
1,context-switches
,
,
20771,cache-references
7738,cache-misses
2050272,cycles
621114,instructions
138277,branches
168,faults
0,migrations
1,context-switches
,
,
15820,cache-references
4076,cache-misses
1648969,cycles
610279,instructions
135558,branches
167,faults
0,migrations
1,context-switches
,
,
16599,cache-references
6996,cache-misses
1873211,cycles
607922,instructions
134992,branches
168,faults
0,migrations
1,context-switches
,
,
15960,cache-references
4182,cache-misses
1620436,cycles
605374,instructions
134425,branches
167,faults
0,migrations
1,context-switches
,
,
17628,cache-references
4230,cache-misses
1754816,cycles
620855,instructions
137753,branches
168,faults
0,migrations
2,context-switches
,
,
19423,cache-references
4654,cache-misses
1916732,cycles
616713,instructions
137007,branches
168,faults
0,migrations
3,context-switches
,
,
19243,cache-references
5692,cache-misses
1918776,cycles
613125,instructions
136387,branches
167,faults
0,migrations
3,context-switches
,
,
20130,cache-references
5742,cache-misses
1952296,cycles
621916,instructions
138147,branches
168,faults
0,migrations
2,context-switches
,
,
18231,cache-references
3713,cache-misses
1815276,cycles
616088,instructions
136908,branches
168,faults
0,migrations
2,context-switches
,
,
21839,cache-references
5357,cache-misses
1929559,cycles
633077,instructions
140717,branches
168,faults
0,migrations
1,context-switches
,
,
16359,cache-references
3754,cache-misses
1594516,cycles
613270,instructions
135991,branches
168,faults
0,migrations
1,context-switches
,
,
16418,cache-references
4348,cache-misses
1686436,cycles
610504,instructions
135657,branches
168,faults
0,migrations
1,context-switches
,
,
16631,cache-references
3994,cache-misses
1843125,cycles
613019,instructions
136173,branches
167,faults
0,migrations
1,context-switches
,
,
28720,cache-references
6993,cache-misses
2939933,cycles
617985,instructions
137535,branches
168,faults
0,migrations
3,context-switches
,
,
15219,cache-references
3615,cache-misses
1672662,cycles
607043,instructions
134725,branches
168,faults
0,migrations
1,context-switches
,
,
17088,cache-references
5271,cache-misses
1891370,cycles
599873,instructions
132944,branches
168,faults
0,migrations
1,context-switches
,
,
15993,cache-references
4649,cache-misses
1764162,cycles
611573,instructions
135731,branches
168,faults
0,migrations
1,context-switches
,
,
17298,cache-references
4154,cache-misses
1797660,cycles
616615,instructions
137101,branches
168,faults
0,migrations
1,context-switches
,
,
17199,cache-references
3817,cache-misses
1794463,cycles
604105,instructions
134133,branches
167,faults
0,migrations
1,context-switches
,
,
26550,cache-references
8731,cache-misses
2679836,cycles
609191,instructions
135597,branches
168,faults
0,migrations
1,context-switches
,
,
15300,cache-references
3745,cache-misses
1636293,cycles
601182,instructions
133471,branches
167,faults
0,migrations
1,context-switches
,
,
16533,cache-references
5782,cache-misses
1859032,cycles
604371,instructions
134195,branches
168,faults
0,migrations
1,context-switches
,
,
15339,cache-references
3489,cache-misses
1685049,cycles
612331,instructions
136005,branches
168,faults
0,migrations
1,context-switches
,
,
17108,cache-references
6402,cache-misses
1998082,cycles
601306,instructions
133504,branches
168,faults
0,migrations
1,context-switches
,
,
19689,cache-references
5052,cache-misses
2057473,cycles
617218,instructions
137019,branches
168,faults
0,migrations
1,context-switches
,
,
22451,cache-references
6999,cache-misses
2286082,cycles
605478,instructions
134462,branches
167,faults
0,migrations
1,context-switches
,
,
23468,cache-references
8229,cache-misses
2663521,cycles
608573,instructions
135006,branches
168,faults
0,migrations
1,context-switches
,
,
25126,cache-references
5871,cache-misses
2470746,cycles
610557,instructions
135626,branches
168,faults
0,migrations
1,context-switches
,
,
16596,cache-references
5818,cache-misses
1883248,cycles
607683,instructions
134959,branches
168,faults
0,migrations
1,context-switches
,
,
15603,cache-references
4439,cache-misses
1699142,cycles
597249,instructions
132995,branches
167,faults
0,migrations
1,context-switches
,
,
24347,cache-references
5080,cache-misses
2512227,cycles
611850,instructions
136060,branches
168,faults
0,migrations
1,context-switches
